time,ppg
1710814950040,1508427
1710814950080,1506340
1710814950121,1505364
1710814950161,1504846
1710814950202,1504962
1710814950241,1505142
1710814950282,1504241
1710814950322,1502278
1710814950362,1500809
1710814950403,1500675
1710814950443,1501868
1710814950483,1505825
1710814950523,1512015
1710814950563,1517929
1710814950604,1521040
1710814950644,1519138
1710814950684,1513989
1710814950724,1511105
1710814950765,1510124
1710814950805,1510182
1710814950845,1511767
1710814950885,1514357
1710814950925,1517440
1710814950965,1519738
1710814951006,1519792
1710814951046,1520125
1710814951086,1519822
1710814951126,1518379
1710814951166,1516857
1710814951207,1515749
1710814951246,1514341
1710814951286,1512399
1710814951327,1509453
1710814951367,1505816
1710814951408,1503105
1710814951447,1501885
1710814951487,1501547
1710814951527,1501203
1710814951567,1500005
1710814951608,1497615
1710814951648,1495851
1710814951688,1495989
1710814951728,1500274
1710814951768,1505765
1710814951809,1506539
1710814951849,1505240
1710814951889,1504054
1710814951929,1505930
1710814951969,1507839
1710814952010,1505865
1710814952049,1495724
1710814952090,1494512
1710814952130,1496892
1710814952170,1499129
1710814952211,1501155
1710814952250,1503200
1710814952290,1505302
1710814952330,1506091
1710814952370,1505903
1710814952411,1505417
1710814952451,1504770
1710814952490,1503764
1710814952531,1502967
1710814952571,1502578
1710814952612,1502486
1710814952651,1501107
1710814952691,1497923
1710814952731,1493899
1710814952771,1490886
1710814952812,1489410
1710814952852,1489499
1710814952892,1491244
1710814952932,1497199
1710814952972,1503852
1710814953013,1506512
1710814953052,1503927
1710814953092,1501583
1710814953132,1501821
1710814953173,1503552
1710814953213,1504467
1710814953253,1504198
1710814953293,1504788
1710814953333,1505920
1710814953373,1506905
1710814953414,1507725
1710814953453,1508001
1710814953494,1509219
1710814953534,1509419
1710814953574,1508697
1710814953615,1508506
1710814953654,1507098
1710814953694,1505619
1710814953734,1504131
1710814953775,1503184
1710814953815,1502259
1710814953855,1501676
1710814953895,1501316
1710814953935,1501364
1710814953975,1501073
1710814954016,1498694
1710814954055,1494694
1710814954096,1491976
1710814954136,1491934
1710814954176,1494013
1710814954217,1498803
1710814954256,1505590
1710814954296,1512884
1710814954336,1511949
1710814954377,1510494
1710814954417,1511121
1710814954457,1512559
1710814954497,1513780
1710814954537,1514034
1710814954577,1514586
1710814954618,1516462
1710814954657,1518048
1710814954698,1517829
1710814954738,1515031
1710814954778,1512471
1710814954819,1510911
1710814954858,1509870
1710814954898,1508337
1710814954939,1507160
1710814955023,1506141
1710814955064,1505138
1710814955103,1504371
1710814955143,1504005
1710814955183,1503838
1710814955224,1504247
1710814955264,1505742
1710814955304,1507520
1710814955344,1508132
1710814955384,1507968
1710814955424,1507603
1710814955465,1506241
1710814955505,1506695
1710814955545,1508754
1710814955585,1510808
1710814955625,1506708
1710814955666,1506090
1710814955705,1508938
1710814955746,1513057
1710814955786,1514546
1710814955826,1513721
1710814955867,1513011
1710814955906,1513911
1710814955946,1514712
1710814955987,1514873
1710814956027,1513935
1710814956068,1514071
1710814956107,1516377
1710814956147,1517212
1710814956188,1513609
1710814956228,1509478
1710814956269,1506176
1710814956308,1503968
1710814956348,1503498
1710814956389,1504247
1710814956429,1504758
1710814956470,1505128
1710814956509,1505954
1710814956549,1507643
1710814956589,1508699
1710814956629,1507548
1710814956670,1506439
1710814956710,1506264
1710814956750,1508242
1710814956790,1515031
1710814956831,1521779
1710814956871,1524796
1710814956911,1518841
1710814956951,1515212
1710814956991,1515453
1710814957031,1517334
1710814957072,1518360
1710814957111,1518051
1710814957151,1517786
1710814957192,1519018
1710814957232,1521248
1710814957272,1523518
1710814957312,1524378
1710814957352,1526995
1710814957392,1530719
1710814957432,1533593
1710814957473,1533376
1710814957513,1530247
1710814957553,1524501
1710814957593,1519451
1710814957633,1516344
1710814957674,1514861
1710814957713,1514021
1710814957753,1513922
1710814957793,1514104
1710814957833,1513859
1710814957874,1512459
1710814957914,1511088
1710814957954,1510875
1710814957994,1512169
1710814958034,1518211
1710814958075,1526550
1710814958114,1533593
1710814958155,1535298
1710814958195,1529339
1710814958235,1525083
1710814958276,1522855
1710814958316,1522338
1710814958356,1522085
1710814958396,1522184
1710814958436,1523484
1710814958477,1525708
1710814958517,1528556
1710814958557,1529707
1710814958597,1529865
1710814958638,1531399
1710814958679,1534014
1710814958718,1534887
1710814958759,1534949
1710814958799,1534316
1710814958840,1531990
1710814958881,1527907
1710814958920,1523517
1710814958961,1519974
1710814959001,1517912
1710814959041,1517046
1710814959082,1517575
1710814959122,1518014
1710814959162,1517690
1710814959202,1517273
1710814959242,1516967
1710814959283,1518114
1710814959323,1523171
1710814959363,1528946
1710814959403,1532813
1710814959443,1532108
1710814959485,1531292
1710814959524,1530832
1710814959564,1529343
1710814959605,1527570
1710814959645,1527247
1710814959686,1528989
1710814959725,1532123
1710814959765,1534945
1710814959806,1535922
1710814959846,1535663
1710814959887,1536244
1710814959927,1537549
1710814959967,1537777
1710814960007,1537010
1710814960047,1535956
1710814960088,1534280
1710814960128,1532795
1710814960168,1531671
1710814960209,1525549
1710814960250,1523921
1710814960291,1524490
1710814960333,1524488
1710814960373,1523873
1710814960413,1522730
1710814960453,1521934
1710814960494,1523045
1710814960533,1529922
1710814960573,1539821
1710814960614,1546614
1710814960654,1541903
1710814960695,1540540
1710814960734,1541852
1710814960774,1544807
1710814960814,1544784
1710814960854,1541456
1710814960895,1538457
1710814960934,1537086
1710814960974,1536714
1710814961014,1536588
1710814961054,1536675
1710814961095,1538295
1710814961134,1541715
1710814961174,1545207
1710814961214,1546436
1710814961254,1545917
1710814961295,1544495
1710814961334,1543153
1710814961375,1542596
1710814961415,1542431
1710814961455,1541095
1710814961495,1537646
1710814961535,1533898
1710814961575,1531024
1710814961615,1529235
1710814961656,1527681
1710814961697,1526507
1710814961736,1526507
1710814961777,1528174
1710814961817,1534284
1710814961857,1538710
1710814961898,1538873
1710814961939,1536631
1710814961979,1537847
1710814962019,1541243
1710814962060,1545208
1710814962101,1544668
1710814962140,1542442
1710814962180,1539556
1710814962221,1537849
1710814962261,1537514
1710814962302,1537846
1710814962341,1538050
1710814962382,1539582
1710814962422,1541587
1710814962462,1543135
1710814962503,1543650
1710814962542,1543712
1710814962583,1542808
1710814962623,1541819
1710814962663,1541457
1710814962704,1541311
1710814962744,1541175
1710814962784,1540943
1710814962824,1539021
1710814962864,1535294
1710814962905,1531802
1710814962945,1529458
1710814962985,1528940
1710814963025,1528799
1710814963066,1530628
1710814963107,1536488
1710814963146,1542651
1710814963186,1543972
1710814963227,1542737
1710814963267,1542302
1710814963308,1543276
1710814963347,1544909
1710814963387,1545549
1710814963428,1546193
1710814963468,1547738
1710814963510,1548140
1710814963550,1545921
1710814963590,1542213
1710814963630,1539964
1710814963670,1540736
1710814963715,1543833
1710814963755,1544836
1710814963795,1544507
1710814963838,1543354
1710814963878,1541977
1710814963920,1540655
1710814963959,1539417
1710814963999,1538313
1710814964039,1537711
1710814964080,1537442
1710814964120,1537390
1710814964160,1537133
1710814964200,1534269
1710814964240,1529746
1710814964280,1526285
1710814964321,1527022
1710814964360,1532090
1710814964400,1537644
1710814964441,1540280
1710814964481,1540810
1710814964522,1538073
1710814964562,1537761
1710814964602,1538918
1710814964642,1539382
1710814964682,1539140
1710814964723,1539336
1710814964763,1541581
1710814964803,1544130
1710814964843,1546268
1710814964883,1545376
1710814964924,1543537
1710814964964,1543167
1710814965004,1545255
1710814965045,1546373
1710814965085,1546903
1710814965126,1546732
1710814965166,1548511
1710814965206,1548323
1710814965247,1547165
1710814965287,1545410
1710814965328,1543841
1710814965371,1542914
1710814965411,1542579
1710814965456,1542445
1710814965496,1542385
1710814965537,1540310
1710814965578,1539545
1710814965618,1541386
1710814965660,1542138
1710814965700,1540187
1710814965741,1536339
1710814965781,1536853
1710814965821,1540404
1710814965865,1543766
1710814965905,1544860
1710814965947,1545219
1710814965988,1547649
1710814966028,1551330
1710814966068,1554782
1710814966109,1556658
1710814966150,1558937
1710814966189,1564728
1710814966229,1571693
1710814966269,1575037
1710814966309,1575559
1710814966350,1573691
1710814966390,1571454
1710814966430,1570016
1710814966470,1568985
1710814966511,1568115
1710814966551,1567173
1710814966591,1566431
1710814966631,1565773
1710814966671,1564930
1710814966712,1564034
1710814966753,1563180
1710814966792,1562781
1710814966832,1564674
1710814966873,1569728
1710814966913,1572624
1710814966954,1570249
1710814966993,1565295
1710814967033,1562646
1710814967074,1563726
1710814967131,1566496
1710814967172,1567816
1710814967211,1568318
1710814967251,1569571
1710814967291,1570997
1710814967331,1572320
1710814967372,1571861
1710814967412,1571615
1710814967452,1573856
1710814967492,1577211
1710814967532,1578137
1710814967573,1577144
1710814967613,1573663
1710814967653,1570476
1710814967693,1568150
1710814967733,1566376
1710814967776,1565302
1710814967816,1564773
1710814967856,1564943
1710814967896,1565644
1710814967937,1565771
1710814967978,1565180
1710814968017,1564331
1710814968057,1563056
1710814968098,1563611
1710814968138,1568434
1710814968179,1572626
1710814968219,1573161
1710814968260,1570046
1710814968300,1568464
1710814968341,1569928
1710814968382,1570615
1710814968421,1571315
1710814968461,1573360
1710814968501,1575701
1710814968541,1576209
1710814968582,1575086
1710814968622,1574143
1710814968662,1575504
1710814968702,1579401
1710814968742,1580885
1710814968783,1580896
1710814968823,1580383
1710814968863,1579502
1710814968903,1577431
1710814968944,1574490
1710814968984,1571553
1710814969024,1569585
1710814969064,1568384
1710814969104,1568010
1710814969145,1568183
1710814969185,1568251
1710814969225,1568461
1710814969265,1568998
1710814969305,1570105
1710814969346,1576091
1710814969387,1585396
1710814969426,1593170
1710814969466,1596211
1710814969506,1596448
1710814969547,1595522
1710814969588,1593803
1710814969627,1591814
1710814969667,1590455
1710814969708,1589991
1710814969748,1590514
1710814969789,1591987
1710814969828,1593445
1710814969869,1594391
1710814969909,1595618
1710814969949,1596539
1710814969990,1597730
1710814970030,1597284
1710814970070,1596543
1710814970110,1595219
1710814970151,1594213
1710814970192,1593324
1710814970231,1590750
1710814970272,1587242
1710814970312,1584542
1710814970353,1583179
1710814970394,1583195
1710814970433,1583520
1710814970473,1583975
1710814970514,1584219
1710814970554,1583195
1710814970595,1583210
1710814970634,1589381
1710814970675,1598703
1710814970715,1605789
1710814970755,1608198
1710814970796,1608161
1710814970836,1607955
1710814970876,1608548
1710814970916,1608001
1710814970956,1606367
1710814970997,1604810
1710814971037,1603782
1710814971077,1603429
1710814971117,1603531
1710814971157,1604292
1710814971198,1604791
1710814971238,1604047
1710814971278,1602522
1710814971318,1601517
1710814971359,1600989
1710814971400,1600258
1710814971439,1599607
1710814971479,1599035
1710814971520,1598677
1710814971560,1598443
1710814971601,1596894
1710814971640,1593923
1710814971680,1590742
1710814971720,1587846
1710814971760,1585865
1710814971801,1585569
1710814971841,1585668
1710814971881,1588735
1710814971923,1596601
1710814971964,1606391
1710814972005,1612381
1710814972044,1611520
1710814972084,1609667
1710814972125,1609964
1710814972165,1610773
1710814972206,1611915
1710814972246,1612624
1710814972287,1612858
1710814972327,1612031
1710814972367,1610606
1710814972408,1608483
1710814972448,1607332
1710814972488,1607574
1710814972528,1609176
1710814972568,1609429
1710814972609,1609110
1710814972649,1608626
1710814972689,1607924
1710814972729,1607532
1710814972770,1607248
1710814972811,1606824
1710814972850,1606686
1710814972890,1607098
1710814972931,1607165
1710814972972,1605684
1710814973013,1602692
1710814973053,1600175
1710814973093,1599081
1710814973133,1599351
1710814973174,1604717
1710814973214,1614296
1710814973254,1623705
1710814973294,1626645
1710814973334,1625546
1710814973375,1624298
1710814973416,1624348
1710814973455,1625402
1710814973495,1626360
1710814973536,1627197
1710814973576,1628254
1710814973617,1627870
1710814973656,1626259
1710814973697,1624258
1710814973737,1622590
1710814973777,1621925
1710814973818,1621315
1710814973858,1621008
1710814973898,1620539
1710814973938,1620449
1710814973978,1620616
1710814974019,1620665
1710814974058,1620844
1710814974099,1621463
1710814974139,1622102
1710814974182,1621886
1710814974220,1619165
1710814974259,1615373
1710814974299,1612371
1710814974340,1610163
1710814974380,1612407
1710814974421,1617637
1710814974460,1623342
1710814974500,1622853
1710814974541,1620683
1710814974581,1619540
1710814974622,1619392
1710814974661,1620050
1710814974701,1620551
1710814974742,1621056
1710814974782,1621986
1710814974823,1623311
1710814974862,1624346
1710814974902,1623357
1710814974943,1622080
1710814974983,1621558
1710814975024,1622754
1710814975063,1622941
1710814975104,1622953
1710814975144,1622660
1710814975184,1621711
1710814975225,1620533
1710814975265,1619538
1710814975306,1618900
1710814975346,1618695
1710814975386,1619296
1710814975427,1620070
1710814975467,1620307
1710814975507,1618245
1710814975547,1614608
1710814975588,1610895
1710814975628,1607093
1710814975668,1608814
1710814975708,1616565
1710814975748,1625858
1710814975789,1632244
1710814975830,1630821
1710814975869,1629375
1710814975909,1630571
1710814975950,1631765
1710814975990,1632455
1710814976031,1632307
1710814976071,1632185
1710814976111,1632289
1710814976151,1632603
1710814976191,1631125
1710814976232,1629794
1710814976273,1629138
1710814976314,1630138
1710814976354,1631455
1710814976397,1631522
1710814976435,1631411
1710814976474,1631244
1710814976515,1631089
1710814976555,1630929
1710814976595,1630601
1710814976636,1630907
1710814976676,1630992
1710814976716,1631314
1710814976756,1631588
1710814976796,1631322
1710814976837,1629498
1710814976877,1627320
1710814976917,1625012
1710814976957,1625074
1710814976997,1629718
1710814977039,1636196
1710814977079,1638979
1710814977119,1638492
1710814977159,1637535
1710814977199,1637857
1710814977240,1639217
1710814977280,1640284
1710814977320,1641686
1710814977360,1642808
1710814977400,1643699
1710814977441,1644393
1710814977481,1643074
1710814977521,1640682
1710814977561,1639029
1710814977601,1641004
1710814977642,1642272
1710814977682,1642007
1710814977722,1641677
1710814977762,1640756
1710814977802,1640846
1710814977843,1640798
1710814977883,1640483
1710814977923,1639968
1710814977963,1639673
1710814978004,1639872
1710814978045,1639739
1710814978087,1639526
1710814978128,1638518
1710814978168,1636299
1710814978208,1632178
1710814978250,1632101
1710814978289,1635789
1710814978330,1641870
1710814978370,1641944
1710814978410,1638743
1710814978451,1638073
1710814978491,1638619
1710814978531,1639467
1710814978571,1639756
1710814978614,1639842
1710814978652,1640004
1710814978692,1640262
1710814978734,1641245
1710814978774,1641721
1710814978814,1640939
1710814978855,1640537
1710814978895,1638412
1710814978935,1636156
1710814978975,1634057
1710814979015,1632518
1710814979056,1631377
1710814979095,1630373
1710814979136,1629466
1710814979176,1628774
1710814979217,1628696
1710814979258,1629420
1710814979297,1629618
1710814979337,1629251
1710814979377,1628577
1710814979417,1625475
1710814979458,1621469
1710814979497,1623114
1710814979538,1628319
1710814979578,1632663
1710814979618,1632751
1710814979659,1630338
1710814979698,1628778
1710814979738,1629773
1710814979778,1630573
1710814979819,1631065
1710814979859,1631403
1710814979899,1630729
1710814979939,1630120
1710814979980,1629885
1710814980021,1629475
1710814980062,1629707
1710814980101,1629095
1710814980142,1627411
1710814980182,1624284
1710814980222,1621747
1710814980263,1619458
1710814980303,1618732
1710814980343,1618976
1710814980383,1618878
1710814980423,1618825
1710814980464,1619975
1710814980504,1621173
1710814980544,1621297
1710814980584,1620121
1710814980625,1619221
1710814980666,1618091
1710814980705,1615159
1710814980746,1612358
1710814980787,1612796
1710814980827,1614811
1710814980868,1615069
1710814980907,1614162
1710814980947,1615001
1710814980988,1617338
1710814981028,1619055
1710814981069,1619808
1710814981108,1619837
1710814981148,1620162
1710814981188,1621192
1710814981228,1622271
1710814981270,1623304
1710814981309,1624786
1710814981349,1627782
1710814981390,1630166
1710814981430,1628365
1710814981471,1624940
1710814981510,1621497
1710814981550,1619139
1710814981591,1618398
1710814981631,1618317
1710814981672,1618598
1710814981711,1618800
1710814981752,1618997
1710814981792,1618770
1710814981832,1618095
1710814981873,1616967
1710814981913,1616522
1710814981953,1616757
1710814981993,1617755
1710814982033,1621463
1710814982074,1627717
1710814982114,1633585
1710814982154,1634926
1710814982194,1631717
1710814982234,1630403
1710814982275,1631084
1710814982314,1632473
1710814982355,1633411
1710814982395,1634019
1710814982435,1634425
1710814982476,1635015
1710814982515,1635699
1710814982555,1636487
1710814982596,1638764
1710814982636,1641563
1710814982677,1643440
1710814982716,1642516
1710814982756,1639763
1710814982796,1636658
1710814982837,1634025
1710814982878,1632498
1710814982917,1631868
1710814982957,1631429
1710814982997,1631200
1710814983038,1630918
1710814983079,1630483
1710814983118,1630261
1710814983158,1629659
1710814983198,1629203
1710814983239,1629581
1710814983280,1628310
1710814983319,1627842
1710814983359,1631532
1710814983400,1638067
1710814983440,1640986
1710814983481,1638616
1710814983520,1636372
1710814983561,1636562
1710814983601,1637499
1710814983641,1637640
1710814983682,1637103
1710814983723,1636809
1710814983763,1636996
1710814983803,1637469
1710814983843,1637235
1710814983884,1637310
1710814983924,1637617
1710814983964,1637254
1710814984004,1636502
1710814984045,1633196
1710814984086,1629818
1710814984125,1626969
1710814984166,1625290
1710814984206,1624681
1710814984246,1624379
1710814984287,1623795
1710814984326,1623786
1710814984367,1624164
1710814984407,1624049
1710814984447,1623289
1710814984488,1622182
1710814984528,1621573
1710814984568,1619199
1710814984608,1615681
1710814984648,1616208
1710814984689,1619718
1710814984729,1623090
1710814984769,1623734
1710814984809,1620804
1710814984850,1619809
1710814984891,1620670
1710814984930,1620702
1710814984970,1620547
1710814985011,1621542
1710814985051,1622285
1710814985092,1622662
1710814985132,1622775
1710814985172,1623711
1710814985212,1625122
1710814985252,1625572
1710814985293,1623070
1710814985332,1619810
1710814985372,1617142
1710814985413,1615608
1710814985453,1615707
1710814985494,1616208
1710814985533,1616682
1710814985573,1616654
1710814985613,1616059
1710814985654,1615420
1710814985694,1614416
1710814985734,1613250
1710814985774,1613205
1710814985815,1614170
1710814985855,1614230
1710814985896,1615566
1710814985935,1618534
1710814985975,1622075
1710814986015,1622104
1710814986056,1619576
1710814986097,1619271
1710814986136,1620429
1710814986176,1621388
1710814986217,1621555
1710814986257,1621889
1710814986298,1623157
1710814986337,1624830
1710814986378,1626488
1710814986418,1627446
1710814986458,1628747
1710814986499,1631503
1710814986539,1633499
1710814986579,1631545
1710814986619,1628688
1710814986659,1626326
1710814986700,1624561
1710814986740,1624093
1710814986780,1624262
1710814986820,1624729
1710814986861,1625120
1710814986902,1625579
1710814986941,1625749
1710814986981,1625485
1710814987022,1624602
1710814987062,1624270
1710814987103,1624214
1710814987142,1624986
1710814987183,1627797
1710814987223,1628057
1710814987263,1623742
1710814987304,1619558
1710814987344,1617287
1710814987384,1618191
1710814987424,1620269
1710814987464,1621715
1710814987506,1622336
1710814987545,1623116
1710814987585,1624831
1710814987626,1627022
1710814987666,1629775
1710814987707,1631962
1710814987746,1634836
1710814987787,1638600
1710814987827,1640932
1710814987867,1640304
1710814987908,1638053
1710814987948,1634302
1710814987988,1631673
1710814988028,1630099
1710814988068,1629493
1710814988109,1629083
1710814988149,1629140
1710814988189,1629307
1710814988229,1629138
1710814988270,1628648
1710814988310,1627285
1710814988350,1626647
1710814988390,1626374
1710814988430,1628214
1710814988470,1634254
1710814988513,1642087
1710814988553,1645835
1710814988593,1644408
1710814988633,1642751
1710814988673,1642133
1710814988714,1642356
1710814988754,1643019
1710814988794,1643945
1710814988834,1645227
1710814988874,1646459
1710814988915,1646992
1710814988954,1646684
1710814988995,1647055
1710814989035,1647966
1710814989075,1648957
1710814989116,1648688
1710814989156,1648724
1710814989196,1647900
1710814989236,1645292
1710814989277,1641515
1710814989318,1638237
1710814989357,1635706
1710814989397,1634168
1710814989438,1633976
1710814989478,1634482
1710814989519,1634573
1710814989561,1633404
1710814989601,1632185
1710814989641,1630684
1710814989681,1631261
1710814989723,1638728
1710814989762,1649978
1710814989802,1656572
1710814989843,1653130
1710814989883,1652770
1710814989924,1652965
1710814989963,1651672
1710814990004,1649182
1710814990044,1646407
1710814990084,1644474
1710814990125,1643917
1710814990165,1644523
1710814990206,1645287
1710814990246,1646211
1710814990286,1647388
1710814990327,1647730
1710814990366,1647641
1710814990407,1646711
1710814990447,1645892
1710814990487,1646080
1710814990528,1647002
1710814990568,1646086
1710814990608,1642563
1710814990648,1638236
1710814990688,1634409
1710814990729,1631443
1710814990768,1629226
1710814990808,1627965
1710814990849,1627896
1710814990889,1627816
1710814990930,1627934
1710814990969,1631285
1710814991009,1637162
1710814991050,1643161
1710814991090,1643484
1710814991130,1641914
1710814991170,1641008
1710814991210,1641680
1710814991250,1642550
1710814991289,1641137
1710814991330,1637712
1710814991370,1634243
1710814991410,1631530
1710814991450,1629762
1710814991490,1628459
1710814991531,1628733
1710814991570,1630129
1710814991610,1631943
1710814991651,1631893
1710814991690,1630744
1710814991731,1629322
1710814991771,1628158
1710814991813,1627360
1710814991853,1626636
1710814991894,1626054
1710814991935,1626026
1710814991974,1626026
1710814992014,1624009
1710814992055,1620606
1710814992095,1616513
1710814992136,1612761
1710814992175,1609378
1710814992216,1606634
1710814992256,1608116
1710814992296,1613366
1710814992337,1619644
1710814992377,1622353
1710814992417,1622762
1710814992457,1621703
1710814992498,1622116
1710814992538,1623228
1710814992578,1623640
1710814992618,1623910
1710814992658,1624364
1710814992699,1625072
1710814992740,1624021
1710814992780,1621851
1710814992820,1619698
1710814992860,1618045
1710814992900,1617076
1710814992941,1615352
1710814992981,1614296
1710814993021,1613332
1710814993061,1612724
1710814993102,1612412
1710814993143,1611998
1710814993182,1611513
1710814993222,1610997
1710814993263,1610940
1710814993303,1610575
1710814993344,1609390
1710814993383,1606180
1710814993424,1602465
1710814993464,1598806
1710814993504,1597207
1710814993545,1599367
1710814993585,1602322
1710814993625,1602873
1710814993665,1601022
1710814993705,1601548
1710814993746,1603023
1710814993786,1603668
1710814993826,1603172
1710814993866,1602256
1710814993906,1601973
1710814993947,1602326
1710814993986,1603193
1710814994027,1604553
1710814994067,1605528
1710814994107,1605046
1710814994148,1605159
1710814994187,1603601
1710814994227,1601424
1710814994268,1599763
1710814994308,1598655
1710814994349,1598830
1710814994388,1599092
1710814994428,1598767
1710814994468,1598327
1710814994509,1597949
1710814994550,1597530
1710814994589,1596998
1710814994629,1595884
1710814994670,1595077
1710814994710,1595502
1710814994751,1595058
1710814994790,1595851
1710814994830,1600570
1710814994870,1608007
1710814994911,1609102
1710814994952,1604303
1710814994991,1602493
1710814995031,1602828
1710814995071,1603932
1710814995112,1604435
1710814995153,1604232
1710814995192,1605131
1710814995233,1606770
1710814995273,1609434
1710814995313,1613156
1710814995354,1616865
1710814995394,1619905
1710814995434,1621879
1710814995474,1620266
1710814995515,1617153
1710814995555,1613702
1710814995595,1610844
1710814995635,1609132
1710814995675,1608419
1710814995716,1608279
1710814995757,1608315
1710814995796,1608497
1710814995836,1608475
1710814995877,1608365
1710814995917,1607368
1710814995958,1606389
1710814995998,1606096
1710814996038,1607215
1710814996078,1613021
1710814996118,1623327
1710814996159,1632705
1710814996199,1635177
1710814996243,1631325
1710814996284,1630908
1710814996324,1632081
1710814996365,1633604
1710814996404,1635585
1710814996444,1638085
1710814996484,1640908
1710814996524,1642675
1710814996565,1642857
1710814996605,1642996
1710814996645,1643638
1710814996685,1644557
1710814996725,1643006
1710814996766,1640785
1710814996805,1637837
1710814996846,1635375
1710814996886,1633948
1710814996926,1633078
1710814996967,1632770
1710814997006,1632808
1710814997047,1632887
1710814997087,1632887
1710814997127,1631998
1710814997168,1631042
1710814997207,1630881
1710814997248,1630988
1710814997288,1634683
1710814997328,1642716
1710814997369,1647566
1710814997408,1639435
1710814997449,1635048
1710814997489,1634568
1710814997529,1634694
1710814997570,1634991
1710814997609,1634624
1710814997650,1634768
1710814997690,1635305
1710814997730,1636052
1710814997771,1636668
1710814997811,1638213
1710814997851,1639959
1710814997891,1640850
1710814997931,1640478
1710814997972,1640406
1710814998012,1637655
1710814998052,1633802
1710814998092,1630597
1710814998133,1628621
1710814998174,1627188
1710814998213,1626107
1710814998253,1625756
1710814998294,1625110
1710814998334,1623947
1710814998375,1622130
1710814998415,1621706
1710814998455,1622233
1710814998495,1624439
1710814998535,1631117
1710814998576,1639508
1710814998616,1642699
1710814998656,1639732
1710814998696,1637616
1710814998736,1636068
1710814998777,1635627
1710814998817,1635322
1710814998857,1634332
1710814998897,1634619
1710814998938,1635789
1710814998979,1637197
1710814999018,1638061
1710814999058,1638798
1710814999099,1640204
1710814999139,1641509
1710814999181,1642029
1710814999220,1641725
1710814999261,1641742
1710814999301,1641774
1710814999341,1641592
1710814999383,1640512
1710814999422,1639142
1710814999462,1638384
1710814999503,1638670
1710814999543,1639565
1710814999583,1639843
1710814999623,1639532
1710814999663,1638809
1710814999703,1638880
1710814999744,1639291
1710814999784,1641068
1710814999824,1643744
1710814999864,1647833
1710814999904,1651257
1710814999944,1653346
1710814999985,1656634
1710815000025,1658552
1710815000065,1659704
1710815000105,1660158
1710815000145,1660609
1710815000187,1661155
1710815000227,1661883
1710815000267,1664041
1710815000307,1666252
1710815000348,1668749
1710815000392,1671198
1710815000431,1671517
1710815000472,1671564
1710815000512,1671538
1710815000552,1670630
1710815000593,1670211
1710815000632,1670681
1710815000673,1671011
1710815000713,1671242
1710815000753,1670614
1710815000794,1669395
1710815000834,1667834
1710815000874,1666277
1710815000914,1665176
1710815000955,1665406
1710815000995,1666764
1710815001035,1670504
1710815001075,1676521
1710815001115,1682705
1710815001156,1679702
1710815001199,1677417
1710815001238,1677895
1710815001279,1678916
1710815001319,1679961
1710815001359,1680627
1710815001400,1681166
1710815001440,1680910
1710815001479,1679688
1710815001520,1678728
1710815001560,1678758
1710815001601,1679589
1710815001642,1680557
1710815001682,1679857
1710815001722,1679397
1710815001762,1678637
1710815001803,1677872
1710815001843,1677424
1710815001883,1676921
1710815001923,1676311
1710815001963,1675709
1710815002004,1675154
1710815002044,1673536
1710815002084,1670204
1710815002124,1666036
1710815002164,1663870
1710815002205,1662095
1710815002245,1662047
1710815002285,1663907
1710815002325,1665143
1710815002365,1664182
1710815002406,1661053
1710815002446,1659583
1710815002486,1659066
1710815002526,1659191
1710815002567,1659007
1710815002608,1658429
1710815002649,1658296
1710815002691,1658646
1710815002731,1658098
1710815002773,1655435
1710815002814,1651632
1710815002854,1649363
1710815002894,1648399
1710815002934,1646534
1710815002975,1644603
1710815003016,1643376
1710815003055,1641977
1710815003095,1640720
1710815003136,1639367
1710815003176,1637890
1710815003217,1636354
1710815003256,1634934
1710815003297,1633893
1710815003337,1633110
1710815003376,1630885
1710815003415,1626296
1710815003454,1621206
1710815003493,1616138
1710815003532,1613894
1710815003571,1614667
1710815003610,1616713
1710815003649,1614864
1710815003688,1611536
1710815003727,1611408
1710815003766,1611928
1710815003805,1612080
1710815003844,1611394
1710815003883,1610256
1710815003922,1609812
1710815003961,1609814
1710815004000,1610175
1710815004040,1610522
1710815004080,1609268
1710815004120,1608324
1710815004160,1606843
1710815004200,1603823
1710815004240,1601566
1710815004280,1599358
1710815004320,1597863
1710815004360,1597018
1710815004400,1596286
1710815004440,1595334
1710815004480,1594341
1710815004520,1594218
1710815004560,1594329
1710815004600,1594011
1710815004640,1593215
1710815004680,1592460
1710815004720,1589517
1710815004760,1585881
1710815004800,1585371
1710815004840,1586219
1710815004880,1586571
1710815004920,1583846
1710815004960,1583339
1710815005000,1585591
1710815005040,1588694
1710815005080,1591375
1710815005120,1593502
1710815005160,1594968
1710815005200,1596199
1710815005240,1596859
1710815005280,1597247
1710815005320,1597955
1710815005360,1600583
1710815005400,1603864
1710815005440,1602515
1710815005480,1598168
1710815005520,1593474
1710815005560,1589529
1710815005600,1587317
1710815005640,1586330
1710815005680,1586333
1710815005720,1586972
1710815005760,1588792
1710815005800,1591047
1710815005840,1591902
1710815005880,1591344
1710815005920,1591622
1710815005960,1592047
1710815006000,1591250
1710815006040,1592701
1710815006080,1597100
1710815006120,1601728
1710815006160,1602577
1710815006200,1600201
1710815006240,1597951
1710815006280,1597900
1710815006320,1599582
1710815006360,1602610
1710815006400,1605037
1710815006440,1606110
1710815006480,1606563
1710815006520,1607371
1710815006560,1607819
1710815006600,1608811
1710815006640,1611283
1710815006680,1614338
1710815006720,1614784
1710815006760,1614286
1710815006800,1611856
1710815006840,1608101
1710815006880,1604920
1710815006920,1602681
1710815006960,1601378
1710815007000,1601089
1710815007040,1601839
1710815007080,1603098
1710815007120,1603642
1710815007160,1602950
1710815007200,1602063
1710815007240,1601015
1710815007280,1600436
1710815007320,1603263
1710815007360,1608856
1710815007400,1614543
1710815007440,1615549
1710815007480,1611633
1710815007520,1608636
1710815007560,1606734
1710815007600,1605848
1710815007640,1605338
1710815007680,1604780
1710815007720,1605191
1710815007760,1605976
1710815007800,1606487
1710815007840,1606574
1710815007880,1607117
1710815007920,1609827
1710815007960,1612393
1710815008000,1612323
1710815008040,1612312
1710815008080,1611758
1710815008120,1610548
1710815008160,1607736
1710815008200,1604263
1710815008240,1601205
1710815008280,1599190
1710815008320,1598079
1710815008360,1598061
1710815008400,1597596
1710815008440,1596926
1710815008480,1596321
1710815008520,1595089
1710815008560,1596963
1710815008600,1606222
1710815008640,1608480
1710815008680,1607946
1710815008720,1607739
1710815008760,1608019
1710815008800,1607038
1710815008840,1604512
1710815008880,1602400
1710815008920,1601235
1710815008960,1600547
1710815009000,1599992
1710815009040,1599054
1710815009080,1598670
1710815009120,1600397
1710815009160,1601850
1710815009200,1600932
1710815009240,1599907
1710815009280,1598347
1710815009320,1597263
1710815009360,1596848
1710815009400,1596766
1710815009440,1595593
1710815009480,1592182
1710815009520,1588704
1710815009560,1586265
1710815009600,1584231
1710815009640,1582225
1710815009680,1581270
1710815009720,1579970
1710815009760,1582270
1710815009800,1588586
1710815009840,1595933
1710815009880,1598379
1710815009920,1595011
1710815009960,1594133
1710815010000,1594612
1710815010040,1595302
1710815010080,1595449
1710815010120,1593942
1710815010160,1590830
1710815010200,1587968
1710815010240,1586065
1710815010280,1584976
1710815010320,1584085
1710815010360,1585445
1710815010400,1588627
1710815010440,1589592
1710815010480,1589483
1710815010520,1588345
1710815010560,1587117
1710815010600,1586179
1710815010640,1585393
1710815010680,1584609
1710815010720,1584105
1710815010760,1583861
1710815010800,1582268
1710815010840,1578488
1710815010880,1573597
1710815010920,1569911
1710815010960,1567447
1710815011000,1567280
1710815011040,1572784
1710815011080,1581458
1710815011120,1589163
1710815011160,1586960
1710815011200,1584197
1710815011240,1584875
1710815011280,1585479
1710815011320,1585454
1710815011360,1585303
1710815011400,1585783
1710815011440,1587003
1710815011480,1587563
1710815011520,1585821
1710815011560,1583036
1710815011600,1582880
1710815011640,1585817
1710815011680,1587591
1710815011720,1587278
1710815011760,1586514
1710815011800,1585702
1710815011840,1585401
1710815011880,1585462
1710815011920,1584951
1710815011960,1584425
1710815012000,1584096
1710815012040,1584358
1710815012080,1584917
1710815012120,1585162
1710815012160,1583985
1710815012200,1581584
1710815012240,1579007
1710815012280,1579252
1710815012320,1581963
1710815012360,1584518
1710815012400,1584901
1710815012440,1585064
1710815012480,1586254
1710815012520,1587358
1710815012560,1588479
1710815012600,1589307
1710815012640,1591115
1710815012680,1593682
1710815012720,1595527
1710815012760,1596483
1710815012800,1596778
1710815012840,1596190
1710815012880,1596447
1710815012920,1595577
1710815012960,1593270
1710815013000,1591545
1710815013040,1589526
1710815013080,1588079
1710815013120,1587311
1710815013160,1586829
1710815013200,1586408
1710815013240,1585962
1710815013280,1585785
1710815013320,1585834
1710815013360,1585361
1710815013400,1585204
1710815013440,1585184
1710815013480,1584299
1710815013520,1584286
1710815013560,1586459
1710815013600,1590557
1710815013640,1593259
1710815013680,1591933
1710815013720,1589778
1710815013760,1590443
1710815013800,1590958
1710815013840,1591238
1710815013880,1591744
1710815013920,1593552
1710815013960,1596308
1710815014000,1599925
1710815014040,1602367
1710815014080,1603863
1710815014120,1606789
1710815014160,1607052
1710815014200,1603386
1710815014240,1599673
1710815014280,1595341
1710815014320,1592079
1710815014360,1590342
1710815014400,1589706
1710815014440,1589200
1710815014480,1588931
1710815014520,1588801
1710815014560,1588704
1710815014600,1587716
1710815014640,1586179
1710815014680,1585527
1710815014720,1585868
1710815014760,1588224
1710815014800,1589292
1710815014840,1587622
1710815014880,1584357
1710815014920,1579706
1710815014960,1578844
1710815015000,1579753
1710815015040,1581437
1710815015080,1582189
1710815015120,1582401
1710815015160,1582949
1710815015200,1583790
1710815015240,1584606
1710815015280,1585939
1710815015320,1587455
1710815015357,1590812
1710815015398,1593530
1710815015437,1591171
1710815015477,1587006
1710815015517,1582637
1710815015558,1579374
1710815015599,1577544
1710815015638,1576379
1710815015678,1575671
1710815015718,1575170
1710815015758,1574609
1710815015799,1573517
1710815015839,1572038
1710815015879,1570054
1710815015919,1568609
1710815015959,1568560
1710815016000,1573463
1710815016039,1582089
1710815016080,1590043
1710815016120,1589918
1710815016160,1586038
1710815016201,1584077
1710815016240,1584189
1710815016280,1584280
1710815016320,1583900
1710815016361,1583609
1710815016401,1584107
1710815016441,1584408
1710815016481,1583467
1710815016521,1582408
1710815016561,1581788
1710815016602,1583441
1710815016642,1587623
1710815016682,1591129
1710815016722,1589347
1710815016762,1585022
1710815016803,1580689
1710815016842,1577854
1710815016882,1576563
1710815016923,1576095
1710815016963,1576484
1710815017004,1578034
1710815017043,1579678
1710815017083,1580059
1710815017123,1579026
1710815017164,1577764
1710815017204,1576337
1710815017244,1575324
1710815017284,1578627
1710815017324,1583169
1710815017364,1584957
1710815017405,1581596
1710815017444,1579107
1710815017485,1580077
1710815017525,1582857
1710815017565,1585640
1710815017606,1587704
1710815017645,1589858
1710815017685,1592268
1710815017726,1593681
1710815017766,1594113
1710815017807,1593798
1710815017846,1595392
1710815017886,1599569
1710815017926,1600951
1710815017967,1600618
1710815018008,1599140
1710815018047,1595603
1710815018087,1591723
1710815018127,1588692
1710815018167,1586817
1710815018208,1586031
1710815018248,1586703
1710815018288,1588968
1710815018328,1589744
1710815018368,1589536
1710815018409,1589107
1710815018448,1588044
1710815018489,1587336
1710815018529,1590032
1710815018569,1595363
1710815018610,1602905
1710815018649,1603625
1710815018689,1600058
1710815018729,1597764
1710815018769,1597366
1710815018810,1597591
1710815018850,1599561
1710815018890,1601535
1710815018930,1603811
1710815018970,1604958
1710815019011,1604722
1710815019050,1605771
1710815019090,1608277
1710815019130,1608662
1710815019170,1609027
1710815019211,1608719
1710815019251,1608344
1710815019291,1608194
1710815019331,1606766
1710815019371,1604609
1710815019412,1603004
1710815019451,1602485
1710815019491,1602050
1710815019532,1600975
1710815019572,1600186
1710815019612,1599790
1710815019652,1599222
1710815019692,1600405
1710815019732,1604717
1710815019772,1609565
1710815019813,1612410
1710815019853,1614011
1710815019893,1613491
1710815019933,1614710
1710815019973,1615142
1710815020014,1612978
1710815020053,1610331
1710815020093,1608656
1710815020133,1608878
1710815020173,1608885
1710815020214,1607527
1710815020254,1606372
1710815020294,1607950
1710815020334,1612234
1710815020374,1615110
1710815020415,1615423
1710815020454,1615113
1710815020494,1614547
1710815020535,1614189
1710815020575,1613930
1710815020615,1613585
1710815020655,1611950
1710815020695,1608930
1710815020735,1606095
1710815020775,1603842
1710815020816,1601309
1710815020855,1599146
1710815020896,1597478
1710815020936,1598411
1710815020976,1603608
1710815021017,1609914
1710815021056,1612934
1710815021096,1610373
1710815021136,1609658
1710815021177,1610717
1710815021217,1612137
1710815021257,1613353
1710815021297,1615022
1710815021337,1615948
1710815021377,1614735
1710815021418,1611610
1710815021457,1608118
1710815021498,1606934
1710815021538,1609576
1710815021578,1612800
1710815021619,1613548
1710815021658,1613826
1710815021698,1612518
1710815021739,1611073
1710815021779,1610253
1710815021819,1609704
1710815021859,1609184
1710815021899,1608866
1710815021939,1608387
1710815021979,1606261
1710815022020,1602773
1710815022059,1598804
1710815022100,1595831
1710815022140,1593097
1710815022180,1592537
1710815022221,1598203
1710815022260,1606752
1710815022300,1613647
1710815022341,1614236
1710815022381,1614693
1710815022422,1615814
1710815022461,1616744
1710815022501,1616966
1710815022541,1616410
1710815022582,1616831
1710815022622,1618433
1710815022662,1618366
1710815022702,1615384
1710815022742,1612356
1710815022782,1610408
1710815022823,1609782
1710815022863,1608938
1710815022903,1608698
1710815022943,1607684
1710815022983,1606299
1710815023024,1604772
1710815023063,1603193
1710815023103,1601790
1710815023144,1600801
1710815023184,1600543
1710815023225,1601235
1710815023264,1601944
1710815023304,1600645
1710815023344,1597294
1710815023385,1592259
1710815023426,1591492
1710815023465,1596933
1710815023505,1606225
1710815023545,1611689
1710815023586,1607945
1710815023626,1606826
1710815023666,1607284
1710815023687,1607813
1710815023727,1607919
1710815023767,1607744
1710815023808,1608023
1710815023847,1608523
1710815023887,1608852
1710815023927,1608352
1710815023967,1607551
1710815024008,1607163
1710815024048,1606273
1710815024088,1603930
1710815024128,1601563
1710815024168,1599226
1710815024209,1597813
1710815024248,1597164
1710815024288,1596870
1710815024328,1596505
1710815024369,1596223
1710815024409,1595945
1710815024449,1595833
1710815024489,1594841
1710815024529,1593431
1710815024569,1592084
1710815024610,1589142
1710815024649,1590200
1710815024689,1596589
1710815024729,1604534
1710815024769,1604082
1710815024810,1600019
1710815024850,1599199
1710815024890,1600147
1710815024930,1601281
1710815024970,1601314
1710815025011,1600874
1710815025050,1600764
1710815025090,1601269
1710815025130,1601436
1710815025171,1601083
1710815025212,1601567
1710815025251,1602898
1710815025291,1603605
1710815025331,1601052
1710815025371,1597900
1710815025412,1594998
1710815025452,1593116
1710815025492,1592123
1710815025532,1591410
1710815025572,1590482
1710815025613,1589659
1710815025652,1589040
1710815025692,1588319
1710815025732,1587064
1710815025772,1585476
1710815025813,1584736
1710815025853,1584310
1710815025893,1586438
1710815025933,1589248
1710815025973,1591724
1710815026014,1593135
1710815026054,1590184
1710815026093,1588315
1710815026134,1588773
1710815026174,1589947
1710815026214,1591284
1710815026254,1592019
1710815026294,1592479
1710815026334,1593059
1710815026374,1593025
1710815026415,1592357
1710815026455,1592624
1710815026495,1595424
1710815026535,1599278
1710815026575,1598977
1710815026616,1595621
1710815026656,1592042
1710815026696,1589233
1710815026736,1587724
1710815026776,1586839
1710815026817,1586465
1710815026856,1586201
1710815026896,1585760
1710815026936,1585343
1710815026976,1584410
1710815027017,1583127
1710815027057,1582633
1710815027097,1583043
1710815027137,1586388
1710815027177,1590604
1710815027218,1592297
1710815027258,1590976
1710815027298,1589231
1710815027338,1588731
1710815027378,1589842
1710815027419,1591765
1710815027458,1593371
1710815027498,1595690
1710815027538,1597717
1710815027579,1598951
1710815027620,1599781
1710815027659,1600247
1710815027699,1601136
1710815027739,1604054
1710815027779,1605986
1710815027820,1605678
1710815027860,1603708
1710815027900,1599776
1710815027940,1596237
1710815027980,1593572
1710815028021,1592108
1710815028060,1591130
1710815028101,1590844
1710815028141,1591350
1710815028181,1592299
1710815028222,1591956
1710815028261,1590798
1710815028301,1589783
1710815028342,1588266
1710815028382,1588391
1710815028423,1592802
1710815028462,1599324
1710815028502,1603432
1710815028542,1603979
1710815028583,1602722
1710815028623,1600342
1710815028663,1600649
1710815028703,1600866
1710815028743,1601423
1710815028783,1602307
1710815028824,1603588
1710815028863,1604769
1710815028903,1606013
1710815028944,1606803
1710815028984,1608296
1710815029024,1610964
1710815029064,1611317
1710815029104,1611103
1710815029144,1610265
1710815029184,1608246
1710815029225,1605135
1710815029264,1602259
1710815029305,1600322
1710815029345,1599306
1710815029385,1599026
1710815029426,1599283
1710815029465,1599024
1710815029505,1597651
1710815029545,1596454
1710815029585,1595384
1710815029626,1595801
1710815029666,1599465
1710815029706,1603980
1710815029746,1608137
1710815029786,1610653
1710815029827,1613065
1710815029866,1613919
1710815029906,1613567
1710815029946,1613206
1710815029986,1613486
1710815030027,1615209
1710815030067,1617316
1710815030107,1619046
1710815030147,1620524
1710815030187,1621006
1710815030228,1621776
1710815030267,1622473
1710815030307,1621512
1710815030347,1620343
1710815030388,1619492
1710815030428,1618191
1710815030468,1616780
1710815030508,1615429
1710815030548,1612737
1710815030588,1609140
1710815030629,1606570
1710815030668,1605171
1710815030709,1604464
1710815030749,1603792
1710815030789,1602950
1710815030830,1601675
1710815030869,1599799
1710815030909,1601900
1710815030949,1608447
1710815030990,1616204
1710815031030,1620381
1710815031070,1618315
1710815031110,1616871
1710815031150,1617765
1710815031190,1618229
1710815031231,1617261
1710815031270,1614744
1710815031311,1612214
1710815031351,1610643
1710815031391,1610495
1710815031432,1610781
1710815031471,1612136
1710815031511,1614805
1710815031551,1614535
1710815031592,1613428
1710815031632,1611777
1710815031672,1609650
1710815031712,1608166
1710815031752,1607555
1710815031792,1607181
1710815031833,1606734
1710815031872,1606494
1710815031913,1604663
1710815031953,1600683
1710815031993,1595532
1710815032034,1591561
1710815032073,1589325
1710815032113,1588990
1710815032154,1593836
1710815032194,1601404
1710815032235,1608258
1710815032274,1610493
1710815032314,1610036
1710815032354,1609094
1710815032395,1609569
1710815032435,1610190
1710815032475,1610772
1710815032515,1611777
1710815032555,1613577
1710815032595,1614070
1710815032636,1611605
1710815032676,1608709
1710815032716,1606941
1710815032756,1605684
1710815032796,1603580
1710815032837,1601942
1710815032876,1600829
1710815032917,1599196
1710815032957,1597803
1710815032997,1596647
1710815033038,1595996
1710815033077,1595395
1710815033118,1595838
1710815033158,1597002
1710815033198,1597218
1710815033239,1595560
1710815033278,1591796
1710815033318,1588215
1710815033359,1585071
1710815033399,1585389
1710815033440,1589611
1710815033479,1593552
1710815033519,1593246
1710815033559,1590758
1710815033599,1590652
1710815033640,1592166
1710815033680,1593580
1710815033720,1593531
1710815033760,1594115
1710815033800,1595775
1710815033841,1597179
1710815033880,1598350
1710815033920,1598304
1710815033960,1598172
1710815034001,1599236
1710815034041,1598137
1710815034081,1596032
1710815034121,1594103
1710815034161,1592506
1710815034201,1591573
1710815034242,1590726
1710815034281,1589971
1710815034321,1589176
1710815034362,1588585
1710815034404,1588391
1710815034443,1588823
1710815034482,1588625
1710815034522,1588690
1710815034562,1588547
1710815034602,1586982
1710815034643,1588571
1710815034683,1593844
1710815034723,1600490
1710815034763,1598002
1710815034803,1595973
1710815034844,1596659
1710815034883,1598404
1710815034923,1600037
1710815034963,1601111
1710815035003,1601777
1710815035044,1603598
1710815035084,1604612
1710815035124,1604575
1710815035164,1603948
1710815035204,1604418
1710815035245,1607140
1710815035284,1609836
1710815035324,1609074
1710815035364,1605540
1710815035405,1601408
1710815035446,1598377
1710815035485,1596976
1710815035525,1596396
1710815035565,1596223
1710815035605,1596420
1710815035646,1596751
1710815035686,1596373
1710815035726,1595145
1710815035766,1593420
1710815035806,1593197
1710815035847,1593268
1710815035886,1595770
1710815035926,1603346
1710815035966,1613885
1710815036007,1614487
1710815036048,1611604
1710815036087,1609439
1710815036127,1608130
1710815036167,1607291
1710815036207,1605923
1710815036248,1604947
1710815036288,1605133
1710815036328,1606050
1710815036368,1607350
1710815036408,1608659
1710815036449,1610053
1710815036488,1612114
1710815036529,1614772
1710815036569,1615097
1710815036611,1614358
1710815036650,1613675
1710815036689,1612827
1710815036729,1611619
1710815036770,1609004
1710815036810,1606421
1710815036850,1604180
1710815036890,1602354
1710815036930,1601120
1710815036970,1600167
1710815037010,1599090
1710815037051,1598587
1710815037091,1598635
1710815037131,1599052
1710815037171,1603196
1710815037211,1610138
1710815037252,1617919
1710815037291,1617376
1710815037331,1615733
1710815037372,1616257
1710815037412,1616710
1710815037453,1616280
1710815037492,1614222
1710815037532,1612633
1710815037572,1612803
1710815037613,1614536
1710815037653,1616635
1710815037693,1617157
1710815037733,1618957
1710815037773,1620993
1710815037813,1620299
1710815037854,1619298
1710815037894,1618396
1710815037934,1617506
1710815037974,1616951
1710815038014,1616990
1710815038055,1618470
1710815038095,1618435
1710815038135,1616250
1710815038175,1613377
1710815038215,1610682
1710815038256,1608239
1710815038295,1606947
1710815038336,1606567
1710815038376,1605868
1710815038416,1607894
1710815038457,1614058
1710815038496,1621401
1710815038536,1624804
1710815038577,1623224
1710815038617,1622722
1710815038658,1623145
1710815038697,1623480
1710815038737,1622949
1710815038777,1621237
1710815038820,1619907
1710815038858,1619531
1710815038898,1618690
1710815038938,1617228
1710815038978,1616727
1710815039018,1616911
1710815039059,1616925
1710815039098,1615867
1710815039138,1614994
1710815039179,1613423
1710815039218,1612058
1710815039259,1610778
1710815039299,1609656
1710815039339,1609107
1710815039379,1609101
1710815039420,1608323
1710815039461,1605508
1710815039500,1601902
1710815039540,1598400
1710815039580,1596296
1710815039621,1594643
1710815039662,1592141
1710815039701,1593020
1710815039741,1598863
1710815039781,1606607
1710815039821,1610883
1710815039862,1610838
1710815039902,1610507
1710815039942,1610837
1710815039982,1611296
1710815040022,1611380
1710815040063,1612508
1710815040102,1614232
1710815040142,1613983
1710815040182,1611707
1710815040222,1609858
1710815040263,1608455
1710815040303,1607123
1710815040343,1605384
1710815040383,1604033
1710815040423,1602653
1710815040464,1600829
1710815040503,1599364
1710815040543,1598116
1710815040583,1597113
1710815040624,1596074
1710815040664,1595741
1710815040704,1595773
1710815040744,1595975
1710815040784,1595314
1710815040824,1594078
1710815040865,1591843
1710815040904,1590738
1710815040945,1594502
1710815040985,1600898
1710815041025,1604086
1710815041066,1600440
1710815041105,1600167
1710815041145,1601734
1710815041185,1603618
1710815041226,1604493
1710815041266,1604355
1710815041306,1604318
1710815041346,1604890
1710815041386,1604879
1710815041426,1604576
1710815041467,1604995
1710815041506,1607985
1710815041546,1613110
1710815041587,1615284
1710815041627,1613943
1710815041668,1611976
1710815041707,1610243
1710815041747,1609266
1710815041787,1608913
1710815041827,1608715
1710815041868,1608448
1710815041908,1608173
1710815041948,1607978
1710815041988,1608300
1710815042028,1608265
1710815042069,1608449
1710815042108,1608266
1710815042149,1607538
1710815042189,1610217
1710815042229,1614356
1710815042270,1617289
1710815042309,1618851
1710815042349,1618203
1710815042389,1617178
1710815042430,1618193
1710815042470,1618966
1710815042510,1619904
1710815042550,1620803
1710815042590,1620886
1710815042630,1620662
1710815042671,1619577
1710815042711,1619918
1710815042751,1621826
1710815042791,1625675
1710815042831,1626332
1710815042872,1625923
1710815042912,1624645
1710815042952,1621569
1710815042992,1618769
1710815043032,1616447
1710815043073,1614520
1710815043112,1613578
1710815043153,1614000
1710815043193,1615755
1710815043233,1616771
1710815043274,1616791
1710815043313,1616225
1710815043353,1615153
1710815043394,1612782
1710815043434,1611726
1710815043474,1612457
1710815043514,1613839
1710815043554,1615169
1710815043594,1616994
1710815043635,1618272
1710815043675,1618451
1710815043715,1618407
1710815043755,1620260
1710815043795,1622413
1710815043835,1624246
1710815043876,1625613
1710815043915,1625688
1710815043955,1625091
1710815043996,1625261
1710815044036,1627346
1710815044076,1626885
1710815044116,1625333
1710815044156,1623077
1710815044196,1620730
1710815044236,1618524
1710815044277,1615508
1710815044316,1611177
1710815044357,1607430
1710815044397,1604929
1710815044437,1603320
1710815044478,1602413
1710815044517,1601183
1710815044557,1600395
1710815044597,1599477
1710815044637,1599984
1710815044678,1602160
1710815044718,1601940
1710815044758,1600154
1710815044798,1601271
1710815044838,1604667
1710815044879,1607808
1710815044918,1610231
1710815044958,1611580
1710815044998,1609954
1710815045038,1606914
1710815045079,1603369
1710815045119,1599815
1710815045159,1596866
1710815045199,1595887
1710815045239,1597338
1710815045280,1601178
1710815045319,1608737
1710815045359,1607603
1710815045400,1604319
1710815045440,1603179
1710815045480,1602142
1710815045520,1600883
1710815045560,1599363
1710815045600,1598206
1710815045640,1597623
1710815045681,1596085
1710815045721,1592362
1710815045761,1587883
1710815045801,1583794
1710815045841,1581245
1710815045882,1579650
1710815045921,1581849
1710815045961,1588440
1710815046001,1596518
1710815046042,1600743
1710815046082,1599003
1710815046122,1596987
1710815046162,1597507
1710815046202,1598077
1710815046242,1598510
1710815046283,1598056
1710815046323,1598098
1710815046363,1598353
1710815046403,1597811
1710815046443,1594092
1710815046484,1590418
1710815046523,1589116
1710815046563,1589988
1710815046603,1589076
1710815046644,1587450
1710815046684,1585833
1710815046724,1585235
1710815046764,1585872
1710815046804,1586242
1710815046844,1585938
1710815046885,1585199
1710815046925,1584100
1710815046965,1582843
1710815047005,1581303
1710815047045,1579843
1710815047086,1578538
1710815047125,1577549
1710815047165,1582900
1710815047206,1590274
1710815047246,1595037
1710815047287,1596021
1710815047326,1594012
1710815047367,1594765
1710815047407,1598000
1710815047447,1601210
1710815047488,1602452
1710815047527,1603678
1710815047567,1604688
1710815047608,1604606
1710815047648,1603238
1710815047688,1600981
1710815047728,1599701
1710815047768,1599475
1710815047808,1599919
1710815047849,1597462
1710815047889,1593218
1710815047929,1588865
1710815047969,1585335
1710815048009,1583072
1710815048049,1581274
1710815048090,1580276
1710815048130,1579559
1710815048170,1579264
1710815048210,1579102
1710815048250,1578038
1710815048291,1576368
1710815048331,1575276
1710815048371,1574322
1710815048411,1576149
1710815048451,1580138
1710815048492,1583425
1710815048531,1584093
1710815048572,1581740
1710815048612,1579153
1710815048652,1578706
1710815048693,1578422
1710815048732,1578102
1710815048772,1577905
1710815048812,1578478
1710815048852,1579805
1710815048893,1581904
1710815048933,1584077
1710815048973,1586577
1710815049013,1590803
1710815049053,1592423
1710815049094,1591707
1710815049133,1590700
1710815049173,1589298
1710815049213,1586821
1710815049253,1583212
1710815049294,1579532
1710815049334,1576657
1710815049374,1574654
1710815049414,1573872
1710815049454,1573751
1710815049495,1573226
1710815049534,1571574
1710815049574,1570274
1710815049615,1568946
1710815049655,1569879
1710815049695,1575464
1710815049735,1582249
1710815049775,1588226
1710815049815,1591860
1710815049855,1591272
1710815049896,1592155
1710815049936,1591173
1710815049976,1589252
1710815050016,1587650
1710815050056,1587032
1710815050097,1587922
1710815050136,1589372
1710815050176,1590484
1710815050216,1590120
1710815050257,1589689
1710815050297,1590064
1710815050337,1589947
1710815050377,1588843
1710815050417,1587821
1710815050457,1586180
1710815050498,1584726
1710815050538,1583646
1710815050578,1582785
1710815050618,1580457
1710815050658,1577879
1710815050699,1576412
1710815050738,1575304
1710815050778,1574019
1710815050818,1572954
1710815050859,1572526
1710815050899,1572566
1710815050939,1578137
1710815050979,1587384
1710815051019,1596984
1710815051059,1600711
1710815051100,1600434
1710815051140,1599141
1710815051180,1598828
1710815051220,1599483
1710815051260,1599415
1710815051301,1598036
1710815051340,1597854
1710815051380,1599182
1710815051420,1600906
1710815051460,1600275
1710815051500,1599128
1710815051540,1598778
1710815051580,1598458
1710815051620,1597619
1710815051660,1596810
1710815051701,1595871
1710815051741,1595169
1710815051781,1594766
1710815051821,1594261
1710815051861,1594217
1710815051902,1593254
1710815051942,1590679
1710815051982,1587809
1710815052022,1585193
1710815052062,1583213
1710815052103,1582958
1710815052142,1585050
1710815052183,1592553
1710815052223,1602737
1710815052263,1612092
1710815052304,1616202
1710815052343,1615925
1710815052383,1614391
1710815052424,1613389
1710815052464,1613821
1710815052505,1614511
1710815052544,1614681
1710815052584,1613283
1710815052624,1611566
1710815052665,1609496
1710815052705,1607428
1710815052745,1606918
1710815052785,1608091
1710815052825,1609781
1710815052865,1609304
1710815052906,1608240
1710815052946,1606747
1710815052986,1605146
1710815053026,1604099
1710815053066,1603726
1710815053107,1603457
1710815053147,1604209
1710815053187,1605806
1710815053227,1607271
1710815053267,1606474
1710815053308,1603337
1710815053347,1600150
1710815053388,1596819
1710815053428,1594678
1710815053468,1596762
1710815053509,1602345
1710815053548,1601788
1710815053588,1601012
1710815053628,1601859
1710815053668,1603876
1710815053709,1605996
1710815053749,1607985
1710815053789,1609797
1710815053829,1610783
1710815053869,1611461
1710815053910,1611509
1710815053949,1611122
1710815053989,1610425
1710815054029,1610742
1710815054069,1609097
1710815054110,1607477
1710815054150,1606183
1710815054190,1604687
1710815054230,1603881
1710815054270,1603190
1710815054311,1602487
1710815054350,1602126
1710815054390,1602949
1710815054431,1604404
1710815054471,1604465
1710815054512,1604252
1710815054551,1604250
1710815054591,1604171
1710815054631,1604901
1710815054671,1606300
1710815054712,1606952
1710815054752,1605655
1710815054792,1604220
1710815054832,1604033
1710815054872,1605636
1710815054913,1607751
1710815054952,1609391
1710815054992,1610728
1710815055032,1612359
1710815055073,1613820
1710815055113,1614910
1710815055153,1615624
1710815055193,1616191
1710815055233,1617816
1710815055273,1621027
1710815055314,1621315
1710815055353,1620162
1710815055394,1617495
1710815055434,1614690
1710815055474,1612864
1710815055515,1611515
1710815055554,1610611
1710815055594,1610373
1710815055634,1610766
1710815055675,1611509
1710815055715,1611959
1710815055755,1611908
1710815055795,1611730
1710815055835,1611046
1710815055875,1610043
1710815055916,1612535
1710815055955,1617888
1710815055996,1623192
1710815056036,1623263
1710815056076,1619735
1710815056117,1616195
1710815056156,1616074
1710815056196,1616248
1710815056236,1616649
1710815056277,1616942
1710815056317,1617532
1710815056357,1618126
1710815056397,1618244
1710815056437,1617840
1710815056477,1618945
1710815056518,1622119
1710815056558,1624643
1710815056598,1624687
1710815056638,1624357
1710815056678,1623438
1710815056719,1622869
1710815056759,1622063
1710815056799,1620346
1710815056839,1618248
1710815056879,1616784
1710815056920,1616022
1710815056959,1615503
1710815057000,1614835
1710815057040,1613727
1710815057080,1613081
1710815057121,1613084
1710815057160,1614592
1710815057200,1617176
1710815057241,1619616
1710815057281,1620408
1710815057322,1621263
1710815057361,1622746
1710815057401,1625400
1710815057441,1627552
1710815057482,1628756
1710815057522,1628103
1710815057562,1626647
1710815057602,1624535
1710815057642,1622985
1710815057682,1621429
1710815057723,1621610
1710815057763,1623769
1710815057803,1625549
1710815057843,1624998
1710815057883,1624216
1710815057924,1622561
1710815057964,1620826
1710815058004,1620065
1710815058044,1619758
1710815058084,1619562
1710815058125,1619670
1710815058164,1619932
1710815058205,1619135
1710815058245,1615717
1710815058285,1610963
1710815058326,1606741
1710815058365,1603478
1710815058405,1604697
1710815058446,1609450
1710815058486,1614755
1710815058526,1616291
1710815058566,1615805
1710815058606,1616109
1710815058646,1615030
1710815058686,1615364
1710815058727,1615210
1710815058767,1614530
1710815058807,1614118
1710815058847,1614348
1710815058887,1615651
1710815058928,1616769
1710815058967,1616114
1710815059007,1614240
1710815059047,1611918
1710815059087,1608834
1710815059128,1605911
1710815059168,1603162
1710815059208,1601230
1710815059248,1599908
1710815059288,1598767
1710815059329,1597680
1710815059368,1596491
1710815059408,1596129
1710815059448,1595631
1710815059489,1594606
1710815059529,1593247
1710815059569,1592083
1710815059609,1590839
1710815059649,1592580
1710815059689,1595891
1710815059730,1595386
1710815059769,1590795
1710815059809,1586062
1710815059850,1584361
1710815059890,1585860
1710815059930,1588358
1710815059970,1590084
1710815060010,1591559
1710815060050,1594387
1710815060090,1597148
1710815060131,1599071
1710815060170,1599367
1710815060211,1600262
1710815060251,1601049
1710815060291,1600579
1710815060332,1599160
1710815060371,1597570
1710815060411,1594834
1710815060451,1590874
1710815060492,1587110
1710815060532,1584131
1710815060572,1582019
1710815060612,1580874
1710815060652,1581107
1710815060692,1581033
1710815060733,1579674
1710815060772,1577800
1710815060813,1577168
1710815060853,1577686
1710815060893,1579850
1710815060934,1581505
1710815060973,1582385
1710815061013,1584252
1710815061054,1586953
1710815061094,1586669
1710815061134,1587499
1710815061174,1586134
1710815061214,1584590
1710815061254,1583782
1710815061294,1584218
1710815061335,1585828
1710815061375,1587659
1710815061415,1588807
1710815061455,1589758
1710815061495,1592299
1710815061536,1593965
1710815061576,1593594
1710815061616,1592697
1710815061656,1591278
1710815061696,1589757
1710815061737,1588407
1710815061776,1588017
1710815061817,1587460
1710815061857,1585512
1710815061897,1583235
1710815061938,1580748
1710815061977,1577955
1710815062017,1575400
1710815062058,1573496
1710815062098,1572294
1710815062138,1573441
1710815062178,1577145
1710815062218,1582495
1710815062258,1587874
1710815062299,1592258
1710815062339,1595832
1710815062379,1598623
1710815062419,1601131
1710815062459,1603692
1710815062499,1606651
1710815062540,1609120
1710815062580,1607900
1710815062620,1605133
1710815062660,1602024
1710815062700,1600397
1710815062741,1601384
1710815062781,1602798
1710815062821,1601978
1710815062861,1600956
1710815062901,1599201
1710815062942,1597542
1710815062981,1597551
1710815063022,1599140
1710815063062,1600712
1710815063102,1602158
1710815063143,1603198
1710815063182,1601450
1710815063222,1597557
1710815063262,1594079
1710815063302,1590911
1710815063343,1591093
1710815063383,1596869
1710815063423,1603918
1710815063463,1606067
1710815063506,1604992
1710815063547,1604975
1710815063586,1605429
1710815063626,1606159
1710815063666,1606279
1710815063707,1606368
1710815063747,1607343
1710815063787,1608361
1710815063827,1609332
1710815063867,1610489
1710815063907,1610482
1710815063948,1609271
1710815063987,1605652
1710815064027,1602290
1710815064068,1599389
1710815064108,1597039
1710815064149,1595768
1710815064188,1595094
1710815064228,1594865
1710815064268,1594673
1710815064308,1594915
1710815064349,1595205
1710815064389,1594670
1710815064429,1593253
1710815064469,1592210
1710815064509,1591951
1710815064550,1591198
1710815064589,1590505
1710815064629,1591567
1710815064670,1593724
1710815064710,1591417
1710815064751,1589241
1710815064790,1591691
1710815064830,1595745
1710815064870,1598505
1710815064910,1599941
1710815064951,1600412
1710815064991,1601902
1710815065031,1603957
1710815065071,1605891
1710815065111,1606965
1710815065152,1608699
1710815065191,1610830
1710815065231,1611450
1710815065272,1609812
1710815065312,1606529
1710815065353,1602472
1710815065392,1599124
1710815065432,1596597
1710815065472,1594958
1710815065512,1593923
1710815065553,1593402
1710815065593,1593266
1710815065633,1593690
1710815065673,1593820
1710815065713,1593493
1710815065754,1593241
1710815065794,1593206
1710815065834,1592719
1710815065874,1597337
1710815065914,1606220
1710815065955,1613548
1710815065994,1614488
1710815066035,1612037
1710815066075,1610592
1710815066115,1610848
1710815066156,1611148
1710815066195,1610366
1710815066235,1609707
1710815066276,1609928
1710815066316,1611221
1710815066356,1612499
1710815066396,1612543
1710815066436,1612273
1710815066476,1612961
1710815066517,1613661
1710815066557,1612845
1710815066597,1612452
1710815066637,1609777
1710815066677,1605680
1710815066717,1601982
1710815066758,1599135
1710815066798,1596839
1710815066838,1595623
1710815066878,1595199
1710815066918,1595287
1710815066959,1594560
1710815066999,1592997
1710815067039,1591676
1710815067079,1589684
1710815067119,1590406
1710815067160,1596456
1710815067199,1605598
1710815067240,1611199
1710815067280,1609301
1710815067320,1607960
1710815067361,1607854
1710815067400,1607073
1710815067440,1605657
1710815067481,1603787
1710815067521,1603145
1710815067562,1603600
1710815067601,1604126
1710815067641,1604199
1710815067682,1604857
1710815067722,1605432
1710815067763,1604646
1710815067802,1602453
1710815067842,1600852
1710815067882,1599711
1710815067922,1598670
1710815067964,1598320
1710815068003,1597935
1710815068043,1596290
1710815068083,1593739
1710815068123,1591775
1710815068164,1590483
1710815068203,1589454
1710815068243,1588607
1710815068284,1588286
1710815068324,1588840
1710815068365,1588981
1710815068404,1591266
1710815068444,1597102
1710815068484,1603088
1710815068524,1605883
1710815068565,1605146
1710815068605,1604315
1710815068645,1606982
1710815068685,1611128
1710815068725,1613993
1710815068766,1615102
1710815068806,1615736
1710815068846,1616062
1710815068886,1615847
1710815068926,1615150
1710815068967,1615582
1710815069006,1618024
1710815069046,1620061
1710815069087,1620033
1710815069127,1619250
1710815069168,1617353
1710815069207,1616004
1710815069247,1615263
1710815069287,1615038
1710815069327,1614903
1710815069368,1614963
1710815069408,1614394
1710815069448,1611874
1710815069488,1607708
1710815069528,1604124
1710815069569,1602341
1710815069608,1602344
1710815069649,1605130
1710815069689,1608475
1710815069729,1609510
1710815069770,1607839
1710815069809,1607057
1710815069849,1608177
1710815069890,1609888
1710815069930,1610872
1710815069970,1611171
1710815070010,1612100
1710815070050,1613290
